id,name,sector,pitch,website_url,linkedin_url,department,batch_year,location,funding_stage,funding_amount,headcount,incorporated_year,founders,is_verified,is_published
0cf2c433-e644-408b-9a77-a0e6cd8fb15a,Truemeds India,HealthTech & Telehealth,Proprietary algorithm-driven telehealth and generic medicine delivery platform reducing healthcare expenses by up to 72% for Indian households.,https://truemeds.in,https://linkedin.com/company/truemedsin,Mechanical,2009,"Mumbai, Maharashtra",Series B,$27.0M,420,2019,"[{""name"": ""Akshat Nayyar"", ""role"": ""Co-founder"", ""degree"": ""B.Tech Mech '09"", ""linkedin"": ""https://linkedin.com/in/akshat-nayyar""}, {""name"": ""Sourabh Bedkute"", ""role"": ""Core Team / Alumnus"", ""degree"": ""B.Tech Mech '09"", ""linkedin"": ""https://linkedin.com/in/sourabh-bedkute""}]",True,True
19c002ba-9e86-4b1d-852c-3fd2df59ca23,Square Yards,PropTech & Real Estate FinTech,"Integrated real estate and mortgage transaction engine facilitating primary and secondary home purchases, leases, and loans across 9 countries.",https://squareyards.com,https://linkedin.com/company/square-yards,Civil,2012,Gurugram & Dubai,Series E,$95.0M,5500,2014,"[{""name"": ""Mayuri Munshi"", ""role"": ""Co-Founder / Alumnus"", ""degree"": ""B.Tech Civi '12"", ""linkedin"": ""https://linkedin.com/in/mayuri-munshi""}, {""name"": ""Sourav Kumar Tiwari"", ""role"": ""Core Team / Alumnus"", ""degree"": ""B.Tech Civi '12"", ""linkedin"": ""https://linkedin.com/in/sourav-kumar-tiwari""}]",True,True
e3edca99-45e0-4437-bbc0-dd5099a47060,CAMS Limited,Technology & Enterprise Solutions,Engineering-first venture founded and built by VNIT alumni driving innovation in CAMS Limited.,https://www.camsonline.com,https://linkedin.com/company/cams-limited,Computer Science,2016,"Bengaluru / Pune, India",Bootstrapped,Bootstrapped,15,2019,"[{""name"": ""Mohit Raisinghani"", ""role"": ""Co-Founder / Alumnus"", ""degree"": ""B.Tech Comp '16"", ""linkedin"": ""https://linkedin.com/in/mohit-raisinghani""}]",True,False
3e02e369-09cf-48e0-b908-eb1ec5a6a898,Scienaptic AI,FinTech & AI Underwriting,"Explainable AI-driven credit underwriting and risk decisioning platform empowering banks, fintechs, and credit unions to approve more loans faster.",https://scienaptic.ai,https://linkedin.com/company/scienaptic,Computer Science,1993,"New York, NY & Bengaluru",Series A,$25.0M,180,2014,"[{""name"": ""Pankaj Kulshreshtha"", ""role"": ""Co-Founder / Alumnus"", ""degree"": ""B.Tech Comp '93"", ""linkedin"": ""https://linkedin.com/in/pankaj-kulshreshtha""}, {""name"": ""Raj Bhoyar"", ""role"": ""Core Team / Alumnus"", ""degree"": ""B.Tech Comp '93"", ""linkedin"": ""https://linkedin.com/in/raj-bhoyar""}]",True,True
39a9c53a-c55b-4e3c-96de-59e2f966bd9d,Neewee,Industrial AI & Smart Factory,"Industrial AI intelligence platform Bodhee optimizing operational efficiency, shop-floor cycle times, and predictive maintenance for global manufacturers.",https://neewee.ai,https://linkedin.com/company/neewee-analytics,Mechanical,2004,"Bengaluru, Karnataka",Series A,$8.5M,85,2014,"[{""name"": ""Suyog Joshi"", ""role"": ""Co-Founder / Alumnus"", ""degree"": ""B.Tech Mech '04"", ""linkedin"": ""https://linkedin.com/in/suyog-joshi""}, {""name"": ""Harsimrat Bhasin"", ""role"": ""Core Team / Alumnus"", ""degree"": ""B.Tech Mech '04"", ""linkedin"": ""https://linkedin.com/in/harsimrat-bhasin""}]",True,True
bbc0d831-e21b-4acc-997e-b9d8415079d2,Sigmantle Research,Technology & Enterprise Solutions,Engineering-first venture founded and built by VNIT alumni driving innovation in Sigmantle Research.,https://www.sigmantle-research.com,https://linkedin.com/company/sigmantle-research,Computer Science,2016,"Bengaluru / Pune, India",Bootstrapped,Bootstrapped,15,2019,"[{""name"": ""Shreyash Kakde"", ""role"": ""Founder"", ""degree"": ""B.Tech Comp '16"", ""linkedin"": ""https://linkedin.com/in/shreyash-kakde""}]",True,True
18707af1-cf1d-4b6c-94d3-b4f3cf32ab4a,Human Capitalists,Technology & Enterprise Solutions,Engineering-first venture founded and built by VNIT alumni driving innovation in Human Capitalists.,https://humancapitalists.ai,https://linkedin.com/company/human-capitalists,Computer Science,2016,"Bengaluru / Pune, India",Bootstrapped,Bootstrapped,15,2019,"[{""name"": ""Lakshya Shukla"", ""role"": ""Co-Founder"", ""degree"": ""B.Tech Comp '16"", ""linkedin"": ""https://linkedin.com/in/lakshya-shukla""}, {""name"": ""Nishant Singh Didawat"", ""role"": ""Co founder"", ""degree"": ""B.Tech Comp '16"", ""linkedin"": ""https://linkedin.com/in/nishant-singh-didawat""}]",True,True
7f8feb17-4b91-4991-87de-6cb6380a2f27,Findem,Enterprise HRTech & AI,Attribute-based talent intelligence and workforce management engine mapping 1M+ candidate signals across every stage of the talent lifecycle.,https://findem.ai,https://linkedin.com/company/findem-ai,Computer Science,2002,"San Francisco, CA & Bengaluru",Series B,$37.0M,140,2019,"[{""name"": ""Hariharan Kolam"", ""role"": ""Co-Founder / Alumnus"", ""degree"": ""B.Tech Comp '02"", ""linkedin"": ""https://linkedin.com/in/hariharan-kolam""}]",True,True
bdf99c8c-293e-4e0e-81ef-91d83cea6b19,Airolabs.ai,Technology & Enterprise Solutions,Engineering-first venture founded and built by VNIT alumni driving innovation in Airolabs.ai.,https://airolabs.ai,https://linkedin.com/company/airolabs-ai,Computer Science,2016,"Bengaluru / Pune, India",Bootstrapped,Bootstrapped,15,2019,"[{""name"": ""Sayak Das"", ""role"": ""Co-Founder / Alumnus"", ""degree"": ""B.Tech Comp '16"", ""linkedin"": ""https://linkedin.com/in/sayak-das""}]",True,True
96ce868b-f3bd-40b1-be72-ab589330cf2a,99minds,Technology & Enterprise Solutions,Engineering-first venture founded and built by VNIT alumni driving innovation in 99minds.,https://www.99minds.com,https://linkedin.com/company/99minds,Computer Science,2016,"Bengaluru / Pune, India",Bootstrapped,Bootstrapped,15,2019,"[{""name"": ""Pravin Kamble"", ""role"": ""Co-Founder / Alumnus"", ""degree"": ""B.Tech Comp '16"", ""linkedin"": ""https://linkedin.com/in/pravin-kamble""}]",True,True
546625f7-6b89-4203-a46d-8858545c722a,Well Played Sports,Technology & Enterprise Solutions,Engineering-first venture founded and built by VNIT alumni driving innovation in Well Played Sports.,https://www.well-played-sports.com,https://linkedin.com/company/well-played-sports,Computer Science,2016,"Bengaluru / Pune, India",Bootstrapped,Bootstrapped,15,2019,"[{""name"": ""Ketan Kaore"", ""role"": ""Founder"", ""degree"": ""B.Tech Comp '16"", ""linkedin"": ""https://linkedin.com/in/ketan-kaore""}]",True,True
a85d133c-fb2d-4c36-93e3-872714868d37,SimpleWorks,Technology & Enterprise Solutions,Engineering-first venture founded and built by VNIT alumni driving innovation in SimpleWorks.,https://simple.works,https://linkedin.com/company/simpleworks,Computer Science,2016,"Bengaluru / Pune, India",Bootstrapped,Bootstrapped,15,2019,"[{""name"": ""Indraneel Fuke"", ""role"": ""Founder"", ""degree"": ""B.Tech Comp '16"", ""linkedin"": ""https://linkedin.com/in/indraneel-fuke""}]",True,True
56c39aa6-f7fd-427b-975a-08d516bb6dcc,BizTranSights,Technology & Enterprise Solutions,Engineering-first venture founded and built by VNIT alumni driving innovation in BizTranSights.,https://www.biztransights.com,https://linkedin.com/company/biztransights,Computer Science,2016,"Bengaluru / Pune, India",Bootstrapped,Bootstrapped,15,2019,"[{""name"": ""Sonal Gole"", ""role"": ""Founder"", ""degree"": ""B.Tech Comp '16"", ""linkedin"": ""https://linkedin.com/in/sonal-gole""}, {""name"": ""Vedant Mandwe"", ""role"": ""Core Team / Alumnus"", ""degree"": ""B.Tech Comp '16"", ""linkedin"": ""https://linkedin.com/in/vedant-mandwe""}, {""name"": ""Sameer Ughade"", ""role"": ""Core Team / Alumnus"", ""degree"": ""B.Tech Comp '16"", ""linkedin"": ""https://linkedin.com/in/sameer-ughade""}]",True,True
5b28c2e7-aa5e-42fa-9a27-2cd0a95a422f,MasterSoft,EdTech & University ERP,"India's largest cloud education ERP and campus automation ecosystem serving 2,500+ premier universities, engineering institutes, and colleges.",https://iitms.co.in,https://linkedin.com/company/mastersoft-erp-solutions,Computer Science,1988,"Nagpur, Maharashtra",Bootstrapped,Bootstrapped & Profitable,320,1995,"[{""name"": ""Sham Somani"", ""role"": ""Co-Founder / Alumnus"", ""degree"": ""B.Tech Comp '88"", ""linkedin"": ""https://linkedin.com/in/sham-somani""}]",True,True
ae36c5c3-7f41-486c-b9ec-327a020af324,TeemGenie,Technology & Enterprise Solutions,Engineering-first venture founded and built by VNIT alumni driving innovation in TeemGenie.,https://www.teemgenie.com,https://linkedin.com/company/teemgenie,Computer Science,2016,"Bengaluru / Pune, India",Bootstrapped,Bootstrapped,15,2019,"[{""name"": ""Sandeep Deshmukh"", ""role"": ""Founder"", ""degree"": ""B.Tech Comp '16"", ""linkedin"": ""https://linkedin.com/in/sandeep-deshmukh""}]",True,True
f4cf059f-cec1-4c31-a3cb-40c37e0e7825,Aristok Technologies,Technology & Enterprise Solutions,Engineering-first venture founded and built by VNIT alumni driving innovation in Aristok Technologies.,https://aristok.com,https://linkedin.com/company/aristok-technologies,Computer Science,2016,"Bengaluru / Pune, India",Bootstrapped,Bootstrapped,15,2019,"[{""name"": ""Aniket Khare"", ""role"": ""Cofounder"", ""degree"": ""B.Tech Comp '16"", ""linkedin"": ""https://linkedin.com/in/aniket-khare""}]",True,True
7b746153-3003-4c86-a0d5-4604fcaa4c66,Product Space,Technology & Enterprise Solutions,Engineering-first venture founded and built by VNIT alumni driving innovation in Product Space.,https://www.product-space.com,https://linkedin.com/company/product-space,Computer Science,2016,"Bengaluru / Pune, India",Bootstrapped,Bootstrapped,15,2019,"[{""name"": ""Sakshi Yadav"", ""role"": ""Co-Founder / Alumnus"", ""degree"": ""B.Tech Comp '16"", ""linkedin"": ""https://linkedin.com/in/sakshi-yadav""}]",True,True
43346072-4883-4bc9-b602-bc70581311de,Autoven,Technology & Enterprise Solutions,Engineering-first venture founded and built by VNIT alumni driving innovation in Autoven.,https://autoven.tech,https://linkedin.com/company/autoven,Computer Science,2016,"Bengaluru / Pune, India",Bootstrapped,Bootstrapped,15,2019,"[{""name"": ""Vinay Gunasekaran"", ""role"": ""Co-Founder / Alumnus"", ""degree"": ""B.Tech Comp '16"", ""linkedin"": ""https://linkedin.com/in/vinay-gunasekaran""}]",True,True
1de1faab-2e06-43aa-a0a1-9732104032c3,Collegise,Technology & Enterprise Solutions,Engineering-first venture founded and built by VNIT alumni driving innovation in Collegise.,https://www.collegise.com,https://linkedin.com/company/collegise,Computer Science,2016,"Bengaluru / Pune, India",Bootstrapped,Bootstrapped,15,2019,"[{""name"": ""Pranav Chinsabwar"", ""role"": ""Co-Founder / Alumnus"", ""degree"": ""B.Tech Comp '16"", ""linkedin"": ""https://linkedin.com/in/pranav-chinsabwar""}]",True,True
6dd22e0a-6116-48ae-90ad-820c00c15afa,str8bat,SportsTech & Wearable IoT,Pocket-sized ultra-lightweight motion sensor and computer vision coaching system capturing actionable 3D swing metrics for cricketers and coaches.,https://str8bat.com,https://linkedin.com/company/str8bat,Electronics,1998,"Bengaluru, Karnataka",Seed,$3.5M,30,2017,"[{""name"": ""Rahul Nagar"", ""role"": ""Co-Founder / Alumnus"", ""degree"": ""B.Tech Elec '98"", ""linkedin"": ""https://linkedin.com/in/rahul-nagar""}]",True,True
98cb4431-8b01-48a1-b9b0-a988d4a7213a,Synthesis,Technology & Enterprise Solutions,Engineering-first venture founded and built by VNIT alumni driving innovation in Synthesis.,https://www.synthesis.com,https://linkedin.com/company/synthesis,Computer Science,2016,"Bengaluru / Pune, India",Bootstrapped,Bootstrapped,15,2019,"[{""name"": ""Ankit Kalkar"", ""role"": ""Co-Founder / Alumnus"", ""degree"": ""B.Tech Comp '16"", ""linkedin"": ""https://linkedin.com/in/ankit-kalkar""}]",True,True
7151f9ce-4e6f-41ed-ba34-4fd4d2c81d34,InfoCepts,Enterprise Data & AI Solutions,Global end-to-end data and analytics modernization powerhouse enabling global enterprises to bridge business vision and data value.,https://infocepts.ai,https://linkedin.com/company/infocepts,Mechanical,1992,"Nagpur & Tysons, VA",Bootstrapped,Bootstrapped & Highly Profitable,1500,2004,"[{""name"": ""Shashank Garg"", ""role"": ""Co-Founder / Alumnus"", ""degree"": ""B.Tech Mech '92"", ""linkedin"": ""https://linkedin.com/in/shashank-garg""}]",True,True
331bf4d1-dab5-4985-aa8f-60f436610f32,KalaGato,Consumer Intelligence & Mobile Data,"Automated mobile telemetry intelligence and alternative data platform tracking smartphone usage metrics, consumer behaviors, and market shares.",https://kalagato.co,https://linkedin.com/company/kalagato,Computer Science,2015,"New Delhi, India",Seed,$4.0M,45,2016,"[{""name"": ""Abhishek Dhobe"", ""role"": ""Co-Founder / Alumnus"", ""degree"": ""B.Tech Comp '15"", ""linkedin"": ""https://linkedin.com/in/abhishek-dhobe""}, {""name"": ""Aman Kumar"", ""role"": ""Core Team / Alumnus"", ""degree"": ""B.Tech Comp '15"", ""linkedin"": ""https://linkedin.com/in/aman-kumar""}]",True,True
0dc44a5d-d1f9-41c3-953f-44017e4ccc25,Awiros,Computer Vision & Edge AI,Open operating system and app-marketplace for video intelligence and deep-learning computer vision deployed on edge and cloud infrastructure.,https://awiros.com,https://linkedin.com/company/awiros,Electronics,2010,Gurugram & Bengaluru,Series A,$7.0M,101,2015,"[{""name"": ""Vikram Gupta"", ""role"": ""Co-Founder / Alumnus"", ""degree"": ""B.Tech Elec '10"", ""linkedin"": ""https://linkedin.com/in/vikram-gupta""}]",True,True
1d25485c-7ac9-4a63-a618-0bdeb63ab2c9,Living Things,CleanTech / Smart Energy IoT,Intelligent IoT HVAC and central air-conditioning energy optimization platform cutting commercial electricity consumption by up to 35%.,https://livingthings.in,https://linkedin.com/company/livingthings-iot,Mechanical,2017,Pune & Bengaluru,Seed,$1.8M,35,2019,"[{""name"": ""Shraddha Pandram"", ""role"": ""Co-Founder / Alumnus"", ""degree"": ""B.Tech Mech '17"", ""linkedin"": ""https://linkedin.com/in/shraddha-pandram""}, {""name"": ""Mayank Gupta"", ""role"": ""cofounder"", ""degree"": ""B.Tech Mech '17"", ""linkedin"": ""https://linkedin.com/in/mayank-gupta""}, {""name"": ""Tushar Jagadale"", ""role"": ""Cofounder"", ""degree"": ""B.Tech Mech '17"", ""linkedin"": ""https://linkedin.com/in/tushar-jagadale""}, {""name"": ""Vatsala Swaroop"", ""role"": ""Senior Data Scientist"", ""degree"": ""B.Tech Mech '17"", ""linkedin"": ""https://linkedin.com/in/vatsala-swaroop""}, {""name"": ""Rabiya Begum"", ""role"": ""data analyst"", ""degree"": ""B.Tech Mech '17"", ""linkedin"": ""https://linkedin.com/in/rabiya-begum""}, {""name"": ""Madhusudhan Naik"", ""role"": ""Founder & Ceo"", ""degree"": ""B.Tech Mech '17"", ""linkedin"": ""https://linkedin.com/in/madhusudhan-naik""}]",True,True
1abc2e4a-2b93-4641-8181-c46e66b0e41e,Circullence Solutions,Technology & Enterprise Solutions,Engineering-first venture founded and built by VNIT alumni driving innovation in Circullence Solutions.,https://www.circullence-solutions.com,https://linkedin.com/company/circullence-solutions,Computer Science,2016,"Bengaluru / Pune, India",Bootstrapped,Bootstrapped,15,2019,"[{""name"": ""Sarang Aloni"", ""role"": ""Co-Founder / Alumnus"", ""degree"": ""B.Tech Comp '16"", ""linkedin"": ""https://linkedin.com/in/sarang-aloni""}]",True,True
8a6e3bda-7cb7-4fba-8721-19d26932b5a0,Delphi Cloud,Technology & Enterprise Solutions,Engineering-first venture founded and built by VNIT alumni driving innovation in Delphi Cloud.,https://delphicloud.ai,https://linkedin.com/company/delphi-cloud,Computer Science,2016,"Bengaluru / Pune, India",Bootstrapped,Bootstrapped,15,2019,"[{""name"": ""Shreyas Mokadam"", ""role"": ""Founder"", ""degree"": ""B.Tech Comp '16"", ""linkedin"": ""https://linkedin.com/in/shreyas-mokadam""}]",True,True
1bc36d57-959d-4249-8c9e-bd468246a198,CollegeDekho,EdTech & Higher Education,"India's premier institutional higher-education discovery, career counseling, and university admissions marketplace connecting millions of students.",https://collegedekho.com,https://linkedin.com/company/collegedekho,Computer Science,2008,"Gurugram, Haryana",Series B,$44.0M,950,2015,"[{""name"": ""Ruchir"", ""role"": ""Co-Founder / Alumnus"", ""degree"": ""B.Tech Comp '08"", ""linkedin"": ""https://linkedin.com/in/ruchir""}]",True,True
8ebd47ac-4a65-4523-bcf7-01afe2ea5f9f,Konverge AI,Enterprise AI & GenAI Systems,"Applied AI and machine learning engineering firm designing bespoke predictive intelligence, NLP, and vision architectures for global enterprises.",https://konverge.ai,https://linkedin.com/company/konverge-ai,Computer Science,2014,Nagpur & Pune,Bootstrapped,Profitable,120,2018,"[{""name"": ""Sagar Ghonge"", ""role"": ""Co-Founder / Alumnus"", ""degree"": ""B.Tech Comp '14"", ""linkedin"": ""https://linkedin.com/in/sagar-ghonge""}, {""name"": ""Rakesh Rallapalli"", ""role"": ""Core Team / Alumnus"", ""degree"": ""B.Tech Comp '14"", ""linkedin"": ""https://linkedin.com/in/rakesh-rallapalli""}]",True,True
253a56da-0cbd-4967-9258-19ec2e45bcad,Bombay Shaving Company,D2C & Consumer Personal Care,"Premium omni-channel personal care, grooming, and skin health brand delivering sustainable self-care solutions across India and international markets.",https://bombayshavingcompany.com,https://linkedin.com/company/bombay-shaving-company,Mechanical,2011,"Gurugram, Haryana",Series C,$48.0M,426,2015,"[{""name"": ""Pradeep Meena"", ""role"": ""Co-Founder / Alumnus"", ""degree"": ""B.Tech Mech '11"", ""linkedin"": ""https://linkedin.com/in/pradeep-meena""}, {""name"": ""Peehu Sharma"", ""role"": ""Co-Founder / Alumnus"", ""degree"": ""B.Tech Mech '11"", ""linkedin"": ""https://linkedin.com/in/peehu-sharma""}]",True,True
1e420442-1cc4-40f7-8bda-a0fe451fa4be,ettaflow,Technology & Enterprise Solutions,Engineering-first venture founded and built by VNIT alumni driving innovation in ettaflow.,https://ettaflow.io,https://linkedin.com/company/ettaflow,Computer Science,2016,"Bengaluru / Pune, India",Bootstrapped,Bootstrapped,1,2019,"[{""name"": ""Vishal Goswami"", ""role"": ""Co-Founder / Alumnus"", ""degree"": ""B.Tech Comp '16"", ""linkedin"": ""https://linkedin.com/in/vishal-goswami""}]",True,True
7d1aaff0-51b9-48ac-989c-803274a2456e,GeoAnalytica,Technology & Enterprise Solutions,Engineering-first venture founded and built by VNIT alumni driving innovation in GeoAnalytica.,https://www.geoanalytica.com,https://linkedin.com/company/geoanalytica,Computer Science,2016,"Bengaluru / Pune, India",Bootstrapped,Bootstrapped,4,2019,"[{""name"": ""Akshit Shah"", ""role"": ""Co-Founder / Alumnus"", ""degree"": ""B.Tech Comp '16"", ""linkedin"": ""https://linkedin.com/in/akshit-shah""}, {""name"": ""Tushar Aswale"", ""role"": ""Core Team / Alumnus"", ""degree"": ""B.Tech Comp '16"", ""linkedin"": ""https://linkedin.com/in/tushar-aswale""}]",True,True
108ed4e6-924d-486e-9d27-6cd8ad918ac6,Cognizant,Technology & Enterprise Solutions,Engineering-first venture founded and built by VNIT alumni driving innovation in Cognizant.,https://www.cognizant.com,https://linkedin.com/company/cognizant,Computer Science,2016,"Bengaluru / Pune, India",Bootstrapped,Bootstrapped,15,2019,"[{""name"": ""Chandramouli Killi"", ""role"": ""Co-Founder / Alumnus"", ""degree"": ""B.Tech Comp '16"", ""linkedin"": ""https://linkedin.com/in/chandramouli-killi""}]",True,False
